<World>
  <Camera eye="0, 0, 4"  dir="0,0,-1"  fov="70" />

   <!-- Background environment map. -->
   <ShaderGroup>
      %environment_shader_parameter_overrides%
      shader envmap layer1;
   </ShaderGroup>
   <Background resolution="1024" />

   <!-- Background quad. 
   %background_color% : is the background color
   -->
   <ShaderGroup>
      color Cin %background_color%;
      shader constant_color layer1;
   </ShaderGroup>
   <Quad corner="-400,-400,-800" edge_x="800,0,0" edge_y="0,800,0" />

   <!-- Shader graph for routing to output layer:
   input_shader_parameter_overrides : are parameter overrides for the input shader
   %input_shader_type% : type of an input shader to feed into the output shader.
   %input_shader_output% : name of output argument on input shader.
   %output_shader_type%: type of the output shader used to render with
   %output_shader_input% : name of input argument on output shader.
   -->
   <ShaderGroup>
      %input_shader_parameter_overrides%;
      shader %input_shader_type% inputShader;
      shader %output_shader_type% outputShader;
      connect inputShader.%input_shader_output% outputShader.%output_shader_input%;
   </ShaderGroup>
   <Sphere center="0,0,0" radius="1.0" />
</World>
