<?xml version="1.0" encoding="UTF-8"?>
<hdf5:HDF5-File xmlns:hdf5="http://hdfgroup.org/HDF5/XML/schema/HDF5-File.xsd" xmlns:xsi="http://www.w3.org/2001/XMLSchema-instance" xsi:schemaLocation="http://hdfgroup.org/HDF5/XML/schema/HDF5-File http://www.hdfgroup.org/HDF5/XML/schema/HDF5-File.xsd">
<hdf5:RootGroup OBJ-XID="xid_696" H5Path="/">
   <hdf5:Dataset Name="Dataset3" OBJ-XID="xid_2348" H5Path= "/Dataset3" Parents="xid_696" H5ParentPaths="/">
      <hdf5:StorageLayout>
         <hdf5:ContiguousLayout/>
      </hdf5:StorageLayout>
      <hdf5:FillValueInfo FillTime="FillIfSet" AllocationTime="Late">
         <hdf5:FillValue>
            <hdf5:NoFill/>
         </hdf5:FillValue>
      </hdf5:FillValueInfo>
      <hdf5:Dataspace>
         <hdf5:SimpleDataspace Ndims="1">
            <hdf5:Dimension  DimSize="4" MaxDimSize="4"/>
         </hdf5:SimpleDataspace>
      </hdf5:Dataspace>
      <hdf5:DataType>
         <hdf5:AtomicType>
            <hdf5:ReferenceType>
               <hdf5:ObjectReferenceType />
            </hdf5:ReferenceType>
         </hdf5:AtomicType>
      </hdf5:DataType>
   <hdf5:Data>
   <hdf5:DataFromFile>
      "/Group1/Dataset1"
      "/Group1/Dataset2"
      "/Group1"
      "/Group1/Datatype1"
   </hdf5:DataFromFile>
   </hdf5:Data>
   </hdf5:Dataset>
   <hdf5:Group Name="Group1" OBJ-XID="xid_1320" H5Path="/Group1" Parents="xid_696" H5ParentPaths="/" >
      <hdf5:Dataset Name="Dataset1" OBJ-XID="xid_1696" H5Path= "/Group1/Dataset1" Parents="xid_1320" H5ParentPaths="/Group1">
         <hdf5:StorageLayout>
            <hdf5:ContiguousLayout/>
         </hdf5:StorageLayout>
         <hdf5:FillValueInfo FillTime="FillIfSet" AllocationTime="Late">
            <hdf5:FillValue>
               <hdf5:NoFill/>
            </hdf5:FillValue>
         </hdf5:FillValueInfo>
         <hdf5:Dataspace>
            <hdf5:SimpleDataspace Ndims="1">
               <hdf5:Dimension  DimSize="4" MaxDimSize="4"/>
            </hdf5:SimpleDataspace>
         </hdf5:Dataspace>
         <hdf5:DataType>
            <hdf5:AtomicType>
               <hdf5:IntegerType ByteOrder="BE" Sign="false" Size="4" />
            </hdf5:AtomicType>
         </hdf5:DataType>
         <hdf5:Data>
            <hdf5:DataFromFile>
            0
            3
            6
            9
            </hdf5:DataFromFile>
         </hdf5:Data>
      </hdf5:Dataset>
      <hdf5:Dataset Name="Dataset2" OBJ-XID="xid_2152" H5Path= "/Group1/Dataset2" Parents="xid_1320" H5ParentPaths="/Group1">
         <hdf5:StorageLayout>
            <hdf5:ContiguousLayout/>
         </hdf5:StorageLayout>
         <hdf5:FillValueInfo FillTime="FillIfSet" AllocationTime="Late">
            <hdf5:FillValue>
               <hdf5:NoFill/>
            </hdf5:FillValue>
         </hdf5:FillValueInfo>
         <hdf5:Dataspace>
            <hdf5:SimpleDataspace Ndims="1">
               <hdf5:Dimension  DimSize="4" MaxDimSize="4"/>
            </hdf5:SimpleDataspace>
         </hdf5:Dataspace>
         <hdf5:DataType>
            <hdf5:AtomicType>
               <hdf5:IntegerType ByteOrder="BE" Sign="false" Size="1" />
            </hdf5:AtomicType>
         </hdf5:DataType>
         <hdf5:Data>
            <hdf5:DataFromFile>
            0
            0
            0
            0
            </hdf5:DataFromFile>
         </hdf5:Data>
      </hdf5:Dataset>
      <hdf5:NamedDataType Name="Datatype1" OBJ-XID="xid_2268" H5Path="/Group1/Datatype1" Parents="xid_1320" H5ParentPaths="/Group1">
         <hdf5:DataType>
            <hdf5:CompoundType>
               <hdf5:Field FieldName="a">
                  <hdf5:DataType>
                     <hdf5:AtomicType>
                        <hdf5:IntegerType ByteOrder="BE" Sign="true" Size="4" />
                     </hdf5:AtomicType>
                  </hdf5:DataType>
               </hdf5:Field>
               <hdf5:Field FieldName="b">
                  <hdf5:DataType>
                     <hdf5:AtomicType>
                        <hdf5:FloatType ByteOrder="BE" Size="4" SignBitLocation="31" ExponentBits="8" ExponentLocation="23" MantissaBits="23" MantissaLocation="0" />
                     </hdf5:AtomicType>
                  </hdf5:DataType>
               </hdf5:Field>
               <hdf5:Field FieldName="c">
                  <hdf5:DataType>
                     <hdf5:AtomicType>
                        <hdf5:FloatType ByteOrder="BE" Size="4" SignBitLocation="31" ExponentBits="8" ExponentLocation="23" MantissaBits="23" MantissaLocation="0" />
                     </hdf5:AtomicType>
                  </hdf5:DataType>
               </hdf5:Field>
            </hdf5:CompoundType>
         </hdf5:DataType>
      </hdf5:NamedDataType>
   </hdf5:Group>
</hdf5:RootGroup>
</hdf5:HDF5-File>
